<annotation>
    <folder>BBox-Label-Tool</folder>
    <filename>rsagain6.jpg</filename>
    <path>/home/manju/python_programs/GUI/BBox-Label-Tool/rsagain6.jpg</path>
    <source>
        <database>Unknown</database>
    </source>
    <size>
        <width>640</width>
        <height>480</height>
        <depth>3</depth>
    </size>
    <segmented>0</segmented>
    <object>
        <name>RedSpring</name>
        <pose>Unspecified</pose>
        <truncated>0</truncated>
        <difficult>0</difficult>
        <bndbox>
            <xmin>197</xmin>
            <ymin>21</ymin>
            <xmax>291</xmax>
            <ymax>103</ymax>
        </bndbox>
    </object>
</annotation>
