<annotation>
    <folder>BBox-Label-Tool</folder>
    <filename>rsagain4.jpg</filename>
    <path>/home/manju/python_programs/GUI/BBox-Label-Tool/rsagain4.jpg</path>
    <source>
        <database>Unknown</database>
    </source>
    <size>
        <width>640</width>
        <height>480</height>
        <depth>3</depth>
    </size>
    <segmented>0</segmented>
    <object>
        <name>a</name>
        <pose>Unspecified</pose>
        <truncated>0</truncated>
        <difficult>0</difficult>
        <bndbox>
            <xmin>392</xmin>
            <ymin>163</ymin>
            <xmax>460</xmax>
            <ymax>292</ymax>
        </bndbox>
    </object>    <object>
        <name>a</name>
        <pose>Unspecified</pose>
        <truncated>0</truncated>
        <difficult>0</difficult>
        <bndbox>
            <xmin>464</xmin>
            <ymin>109</ymin>
            <xmax>554</xmax>
            <ymax>218</ymax>
        </bndbox>
    </object>
</annotation>
