<annotation>
    <folder>BBox-Label-Tool</folder>
    <filename>rsagain5.jpg</filename>
    <path>/home/manju/python_programs/GUI/BBox-Label-Tool/rsagain5.jpg</path>
    <source>
        <database>Unknown</database>
    </source>
    <size>
        <width>640</width>
        <height>480</height>
        <depth>3</depth>
    </size>
    <segmented>0</segmented>
    <object>
        <name>a</name>
        <pose>Unspecified</pose>
        <truncated>0</truncated>
        <difficult>0</difficult>
        <bndbox>
            <xmin>201</xmin>
            <ymin>149</ymin>
            <xmax>292</xmax>
            <ymax>245</ymax>
        </bndbox>
    </object>
</annotation>
