<annotation>
    <folder>BBox-Label-Tool</folder>
    <filename>rsagain8.jpg</filename>
    <path>/home/manju/python_programs/GUI/BBox-Label-Tool/rsagain8.jpg</path>
    <source>
        <database>Unknown</database>
    </source>
    <size>
        <width>640</width>
        <height>480</height>
        <depth>3</depth>
    </size>
    <segmented>0</segmented>
    <object>
        <name>a</name>
        <pose>Unspecified</pose>
        <truncated>0</truncated>
        <difficult>0</difficult>
        <bndbox>
            <xmin>91</xmin>
            <ymin>152</ymin>
            <xmax>212</xmax>
            <ymax>298</ymax>
        </bndbox>
    </object>    <object>
        <name>a</name>
        <pose>Unspecified</pose>
        <truncated>0</truncated>
        <difficult>0</difficult>
        <bndbox>
            <xmin>339</xmin>
            <ymin>163</ymin>
            <xmax>502</xmax>
            <ymax>310</ymax>
        </bndbox>
    </object>
</annotation>
