<annotation>
    <folder>BBox-Label-Tool</folder>
    <filename>rsagain9.jpg</filename>
    <path>/home/manju/python_programs/GUI/BBox-Label-Tool/rsagain9.jpg</path>
    <source>
        <database>Unknown</database>
    </source>
    <size>
        <width>640</width>
        <height>480</height>
        <depth>3</depth>
    </size>
    <segmented>0</segmented>
    <object>
        <name>a</name>
        <pose>Unspecified</pose>
        <truncated>0</truncated>
        <difficult>0</difficult>
        <bndbox>
            <xmin>296</xmin>
            <ymin>273</ymin>
            <xmax>380</xmax>
            <ymax>394</ymax>
        </bndbox>
    </object>
</annotation>
