<annotation>
    <folder>BBox-Label-Tool</folder>
    <filename>rsagain3.jpg</filename>
    <path>/home/manju/python_programs/GUI/BBox-Label-Tool/rsagain3.jpg</path>
    <source>
        <database>Unknown</database>
    </source>
    <size>
        <width>640</width>
        <height>480</height>
        <depth>3</depth>
    </size>
    <segmented>0</segmented>
    <object>
        <name>a</name>
        <pose>Unspecified</pose>
        <truncated>0</truncated>
        <difficult>0</difficult>
        <bndbox>
            <xmin>196</xmin>
            <ymin>170</ymin>
            <xmax>325</xmax>
            <ymax>316</ymax>
        </bndbox>
    </object>    <object>
        <name>a</name>
        <pose>Unspecified</pose>
        <truncated>0</truncated>
        <difficult>0</difficult>
        <bndbox>
            <xmin>368</xmin>
            <ymin>146</ymin>
            <xmax>422</xmax>
            <ymax>190</ymax>
        </bndbox>
    </object>
</annotation>
