<annotation>
    <folder>BBox-Label-Tool</folder>
    <filename>rsagain2.jpg</filename>
    <path>/home/manju/python_programs/GUI/BBox-Label-Tool/rsagain2.jpg</path>
    <source>
        <database>Unknown</database>
    </source>
    <size>
        <width>640</width>
        <height>480</height>
        <depth>3</depth>
    </size>
    <segmented>0</segmented>
    <object>
        <name>a</name>
        <pose>Unspecified</pose>
        <truncated>0</truncated>
        <difficult>0</difficult>
        <bndbox>
            <xmin>183</xmin>
            <ymin>21</ymin>
            <xmax>289</xmax>
            <ymax>99</ymax>
        </bndbox>
    </object>    <object>
        <name>a</name>
        <pose>Unspecified</pose>
        <truncated>0</truncated>
        <difficult>0</difficult>
        <bndbox>
            <xmin>266</xmin>
            <ymin>158</ymin>
            <xmax>408</xmax>
            <ymax>319</ymax>
        </bndbox>
    </object>    <object>
        <name>a</name>
        <pose>Unspecified</pose>
        <truncated>0</truncated>
        <difficult>0</difficult>
        <bndbox>
            <xmin>420</xmin>
            <ymin>87</ymin>
            <xmax>535</xmax>
            <ymax>246</ymax>
        </bndbox>
    </object>
</annotation>
